<?xml version="1.0" encoding="UTF-8"?>
<project-private xmlns="http://www.netbeans.org/ns/project-private/1">
    <editor-bookmarks xmlns="http://www.netbeans.org/ns/editor-bookmarks/2" lastBookmarkId="0"/>
    <open-files xmlns="http://www.netbeans.org/ns/projectui-open-files/2">
        <group>
            <file>file:/C:/Users/pablo/OneDrive/Área%20de%20Trabalho/CulinariaClick/web/Cadastro.html</file>
            <file>file:/C:/Users/pablo/OneDrive/Área%20de%20Trabalho/CulinariaClick/src/java/CulinariaClick/Usu.java</file>
            <file>file:/C:/Users/pablo/OneDrive/Área%20de%20Trabalho/CulinariaClick/web/Es_Senha.jsp</file>
            <file>file:/C:/Users/pablo/OneDrive/Área%20de%20Trabalho/CulinariaClick/web/Tela_Principal.html</file>
            <file>file:/C:/Users/pablo/OneDrive/Área%20de%20Trabalho/CulinariaClick/web/login.jsp</file>
            <file>file:/C:/Users/pablo/OneDrive/Área%20de%20Trabalho/CulinariaClick/web/Tela_Principal.jsp</file>
            <file>file:/C:/Users/pablo/OneDrive/Área%20de%20Trabalho/CulinariaClick/web/Es_Senha.html</file>
            <file>file:/C:/Users/pablo/OneDrive/Área%20de%20Trabalho/CulinariaClick/web/Container.jpeg</file>
        </group>
    </open-files>
</project-private>
